open_time,open,high,low,close,volume,ema_fast_3,ema_slow_5,stochrsi_k,macd,AvgVolume,VolumeSpike,VWAP,AboveVWAP,buy_signal,sell_signal,vol_med_20,vol_mult,buy_signal_next
2025-11-23 00:00:00,0.02935,0.02961,0.0285,0.02918,18640791.0,0.02918,0.02918,,0.0,,0,0.02909666666666667,1,False,False,18640791.0,1.0,False
2025-11-23 00:05:00,0.0292,0.03025,0.02906,0.03015,18714608.0,0.029665,0.029503333333333336,,7.737891737891883e-05,18640791.0,0,0.02945904801311318,1,False,False,18677699.5,1.0019760731239948,False
2025-11-23 00:10:00,0.03011,0.03067,0.02934,0.03047,21389105.0,0.0300675,0.029825555555555557,,0.00016264867979967623,18677699.5,0,0.029714267388996938,1,False,False,18714608.0,1.14290959233557,False
2025-11-23 00:15:00,0.0305,0.03098,0.02975,0.03059,20426610.0,0.03032875,0.030080370370370372,,0.00023717457708317957,19581501.333333332,0,0.02990151064301053,1,False,False,19570609.0,1.0437391089873596,False
2025-11-23 00:20:00,0.03055,0.03078,0.03006,0.03068,14141530.0,0.030504375,0.03028024691358025,,0.00030004045584281283,19792778.5,0,0.029993222030624985,1,False,False,18714608.0,0.7556412616283493,False
2025-11-23 00:25:00,0.03068,0.03131,0.0306,0.03106,25760601.0,0.030782187500000002,0.0305401646090535,,0.0003761884753172469,18662528.8,0,0.030208867447482992,1,False,False,19570609.0,1.3162902084447141,False
2025-11-23 00:30:00,0.03106,0.0321,0.0304,0.03125,38162675.0,0.03101609375,0.03077677640603567,,0.00044671825154004446,19845540.833333332,1,0.030461560364175484,1,False,False,20426610.0,1.8682823532637085,False
2025-11-23 00:35:00,0.03124,0.03211,0.03023,0.03136,40958959.0,0.031188046875,0.030971184270690448,,0.0005056607457141413,22462274.285714287,1,0.03062105498664272,1,False,False,20907857.5,1.9590222958043406,False
2025-11-23 00:40:00,0.03138,0.03185,0.03089,0.03172,16899292.0,0.0314540234375,0.03122078951379363,,0.0005747961956144854,24774359.875,0,0.03068906345228977,1,False,False,20426610.0,0.8273175039813263,False
2025-11-23 00:45:00,0.03173,0.0324,0.03151,0.03227,24928394.0,0.03186201171875,0.03157052634252909,,0.000666286406270148,23899352.333333332,0,0.030831446925319986,1,False,False,20907857.5,1.1922978717451083,False
2025-11-23 00:50:00,0.03227,0.03295,0.03197,0.03256,25117936.0,0.032211005859375,0.0319003508950194,,0.0007535076663989955,24002256.5,0,0.030988884797988673,1,False,False,21389105.0,1.1743331943996722,False
2025-11-23 00:55:00,0.03256,0.03409,0.0322,0.03392,44997748.0,0.033065502929687504,0.03257356726334627,,0.0009217464580509593,24103681.90909091,1,0.03133919549685513,1,False,False,23158749.5,1.9430128556811757,False
2025-11-23 01:00:00,0.03391,0.03549,0.03263,0.03311,91950866.0,0.03308775146484375,0.03275237817556419,100.0,0.000978437859395928,25844854.083333332,1,0.03188898047685275,1,False,False,24928394.0,3.6885996747323553,False
2025-11-23 01:05:00,0.03313,0.0345,0.03294,0.03343,37200768.0,0.03325887573242188,0.03297825211704279,100.0,0.0010372309760121184,30929931.923076924,0,0.03203585219127389,1,False,False,25023165.0,1.4866531871567805,False
2025-11-23 01:10:00,0.03344,0.03434,0.03316,0.03422,26081993.0,0.03373943786621094,0.03339216807802853,100.0,0.001134493606112983,31377848.785714287,0,0.03214070289791928,1,False,False,25117936.0,1.0383812189026997,False
2025-11-23 01:15:00,0.03422,0.03593,0.03415,0.03437,51290869.0,0.034054718933105466,0.03371811205201902,98.05584826132771,0.0012097336313360227,31024791.733333334,0,0.03240635492806821,1,False,False,25439268.5,2.0162084849255786,False
2025-11-23 01:20:00,0.03438,0.03548,0.03224,0.03288,59605376.0,0.03346735946655273,0.033438741368012684,76.4929221990563,0.0011360358319371378,32291421.5625,1,0.03252292214589928,1,False,False,25760601.0,2.313819308796406,False
2025-11-23 01:25:00,0.03292,0.0354,0.03292,0.03495,51954202.0,0.03420867973327636,0.03394249424534179,84.62225274725276,0.0012304773186538262,33898124.76470588,0,0.03268008680417426,1,False,False,25921297.0,2.0043056487489803,False
2025-11-23 01:30:00,0.03498,0.03636,0.03463,0.03604,47357836.0,0.03512433986663818,0.03464166283022786,87.5563793636083,0.0013773989698574532,34901240.166666664,0,0.032890145574844605,1,False,False,26081993.0,1.815729189099928,False
2025-11-23 01:35:00,0.03601,0.03747,0.03528,0.03699,62886537.0,0.03605716993331909,0.03542444188681858,88.97947256921618,0.0015525951470698948,35556850.473684214,0,0.03320436714785397,1,False,False,31641380.5,1.9874776639407374,False
2025-11-23 01:40:00,0.03698,0.03828,0.03671,0.0381,62942656.0,0.03707858496665954,0.036316294591212384,90.97749412159894,0.0017607107258309912,36923334.8,0,0.033557192158637714,1,False,False,37681721.5,1.6703763388304858,False
2025-11-23 01:45:00,0.03806,0.03864,0.03634,0.03682,77199357.0,0.036949292483329774,0.03648419639414159,81.55065220041446,0.0018015909003494465,39138428.05,1,0.03388312683683327,1,False,False,39560817.0,1.9514095727598346,False
2025-11-23 01:50:00,0.03681,0.03779,0.0357,0.03606,76172422.0,0.036504646241664884,0.03634279759609439,75.89743589743591,0.0017524617960508054,42062665.5,1,0.03409323059858417,1,False,False,42978353.5,1.77234388469535,False
2025-11-23 01:55:00,0.03605,0.0373,0.03605,0.03691,42645670.0,0.03670732312083244,0.03653186506406293,76.75213675213675,0.0017618055257763582,44801831.35,0,0.034206965123542266,1,False,False,43821709.0,0.9731630959440674,False
2025-11-23 02:00:00,0.0369,0.03862,0.03669,0.03694,75391277.0,0.03682366156041622,0.036667910042708626,76.01366474260807,0.001751441718287533,45912784.35,0,0.03443252386745916,1,False,False,46177792.0,1.632630616032919,False
2025-11-23 02:05:00,0.03697,0.03862,0.03593,0.03642,98935132.0,0.036621830780208114,0.036585273361805754,0.0,0.0016818809948328933,48975271.7,1,0.03464846032626329,1,False,False,49324352.5,2.00580700983353,False
2025-11-23 02:10:00,0.03642,0.03812,0.0358,0.03786,69439841.0,0.03724091539010406,0.03701018224120384,29.894041109917225,0.0017230869124130813,52633998.25,0,0.03479456563966588,1,False,False,51622535.5,1.3451458811045807,False
2025-11-23 02:15:00,0.03788,0.041,0.03769,0.04048,112933339.0,0.03886045769505203,0.03816678816080256,47.22493878803882,0.001944737281885718,54197856.55,1,0.035205621946456565,1,False,False,55779789.0,2.024628293233594,False
2025-11-23 02:20:00,0.04045,0.04212,0.04013,0.04091,95473966.0,0.039885228847526016,0.03908119210720171,47.82633171737064,0.002130534724841371,57796575.55,0,0.035590765476407854,1,False,False,61245956.5,1.5588615388837956,False
2025-11-23 02:25:00,0.0409,0.04136,0.0386,0.04,76206681.0,0.03994261442376301,0.039387461404801136,40.00177227730975,0.002179230331432358,61725309.25,0,0.03581031947739885,1,False,False,62914596.5,1.2112718707494214,False
2025-11-23 02:30:00,0.04,0.0406,0.03957,0.03999,38910508.0,0.039966307211881505,0.039588307603200756,76.39580423186067,0.002191749905468811,64289223.6,0,0.035915832338242665,1,False,False,62914596.5,0.618465509828073,False
2025-11-23 02:35:00,0.03998,0.04014,0.038,0.03982,67223002.0,0.03989315360594076,0.03966553840213384,49.68155492504378,0.0021630202280846222,64978852.2,0,0.036056057035738734,1,False,False,65082829.0,1.0328838348437497,False
2025-11-23 02:40:00,0.03982,0.03992,0.0371,0.03796,77623023.0,0.038926576802970375,0.03909702560142256,0.0,0.00196748535004191,66090114.9,0,0.036159154450013616,1,False,False,65082829.0,1.1926805302209589,False
2025-11-23 02:45:00,0.03799,0.03915,0.03735,0.0379,54246387.0,0.03841328840148519,0.03869801706761504,0.0,0.001787080698013671,65373722.75,0,0.03621987078245452,1,False,False,65082829.0,0.833497680317492,False
2025-11-23 02:50:00,0.03791,0.03987,0.0377,0.0395,48365370.0,0.038956644200742595,0.03896534471174336,8.40462488288568,0.0017530077575583364,66226003.7,0,0.03629469273899162,1,False,False,65082829.0,0.7431356433507216,False
2025-11-23 02:55:00,0.0395,0.03972,0.03848,0.03926,35959846.0,0.039108322100371296,0.039063563141162244,31.794202731491573,0.0016871898383120434,67340172.55,0,0.03635031436074509,1,False,False,65082829.0,0.5525243225060177,False
2025-11-23 03:00:00,0.03927,0.041,0.03909,0.03946,74239152.0,0.039284161050185645,0.03919570876077483,54.73731150896537,0.0016323502737935897,66573621.4,0,0.03648546685979069,1,False,False,68331421.5,1.0864570115814143,False
2025-11-23 03:05:00,0.03946,0.03988,0.03813,0.039,53934326.0,0.039142080525092826,0.03913047250718322,28.520759088326415,0.0015340873639994312,67305310.2,0,0.03655418053522788,1,False,False,68331421.5,0.7893049027232661,False
2025-11-23 03:10:00,0.03897,0.04054,0.03881,0.04051,46735884.0,0.03982604026254641,0.039590315004788816,51.473557302925556,0.0015600741171350602,67404316.4,0,0.03663270693843953,1,False,False,68331421.5,0.6839589016891738,False
2025-11-23 03:15:00,0.0405,0.04182,0.03961,0.03969,74682645.0,0.039758020131273206,0.03962354333652588,44.132834979890745,0.0014972423810773947,67373218.8,0,0.03676587958157012,1,False,False,71839496.5,1.0395763979219983,False
2025-11-23 03:20:00,0.03969,0.041,0.03945,0.04055,44362658.0,0.040154010065636604,0.03993236222435059,35.69410879718661,0.0014995566348091072,67963024.2,0,0.03683976151122254,1,False,False,71839496.5,0.6175246231020007,False
2025-11-23 03:25:00,0.04056,0.0414,0.0405,0.0409,42323065.0,0.0405270050328183,0.040254908149567066,0.0,0.0015122010599857086,67034024.3,0,0.0369190745870936,1,False,False,68331421.5,0.6193792558523021,False
2025-11-23 03:30:00,0.04092,0.04173,0.04059,0.04107,51120118.0,0.04079850251640915,0.04052660543304472,0.0,0.0015184358539561335,65290209.7,0,0.03701536616586916,1,False,False,60734694.5,0.8416954826371935,False
2025-11-23 03:35:00,0.04107,0.043,0.04103,0.0417,87664136.0,0.041249251258204576,0.040917736955363146,35.412130451317296,0.0015562729620075405,64037594.5,0,0.03720006157358029,1,False,False,68331421.5,1.2829256888794565,False
2025-11-23 03:40:00,0.04171,0.04246,0.0416,0.04188,38129213.0,0.04156462562910229,0.04123849130357543,49.66180837209718,0.0015825410898312117,66288517.8,0,0.03727724501281314,1,False,False,60734694.5,0.6277995355685867,False
2025-11-23 03:45:00,0.04189,0.04245,0.04173,0.04225,36693869.0,0.04190731281455115,0.04157566086905029,83.03649580319856,0.0016146025450795992,64425414.6,0,0.03735170460430102,1,False,False,54090356.5,0.6783809790567751,False
2025-11-23 03:50:00,0.04225,0.0425,0.04134,0.04172,44671332.0,0.04181365640727558,0.041623773912700196,100.0,0.0015790426875667493,61313351.45,0,0.03743402926365743,1,False,False,52527222.0,0.8504415481938108,False
2025-11-23 03:55:00,0.04172,0.043,0.04164,0.04217,50777556.0,0.04199182820363779,0.041805849275133464,100.0,0.001569085047776711,60074926.0,0,0.037532510039785756,1,False,False,50948837.0,0.9966381764514075,False
2025-11-23 04:00:00,0.04216,0.04384,0.0421,0.04278,131375035.0,0.0423859141018189,0.04213056618342231,86.66586028998006,0.001592063135715839,56967136.85,1,0.037801489823489944,1,False,False,50948837.0,2.578567887624206,False
2025-11-23 04:05:00,0.04278,0.04373,0.04159,0.04198,78137389.0,0.04218295705090945,0.04208037745561488,65.99321099006737,0.0015281050777112698,58762190.3,0,0.03793538646735785,1,False,False,50948837.0,1.533644212526382,False
2025-11-23 04:10:00,0.04199,0.04228,0.04052,0.04107,87440504.0,0.04162647852545473,0.041743584970409926,34.24776652251695,0.0013879885926340527,58858725.7,0,0.03804050644284466,1,False,False,52527222.0,1.6646702542159948,False
2025-11-23 04:15:00,0.04106,0.04591,0.04094,0.04461,179834683.0,0.04311823926272736,0.04269905664693995,93.52793535023542,0.0015447863482842827,61285225.5,1,0.038390426831360104,1,False,False,52527222.0,3.4236473232869615,False
2025-11-23 04:20:00,0.04464,0.04518,0.04303,0.04368,81272380.0,0.04339911963136368,0.043026037764626636,54.170132384522454,0.0015758411557221103,66915809.55,0,0.038538851885625905,1,False,False,52527222.0,1.5472430657002954,False
2025-11-23 04:25:00,0.04369,0.04422,0.04302,0.04351,51982361.0,0.043454559815681845,0.0431873585097511,70.30331232997531,0.0015686522879799839,67098277.4,0,0.038623344582832564,1,False,False,51551239.5,1.0083629705935586,False
2025-11-23 04:30:00,0.04353,0.04474,0.04343,0.04381,65476573.0,0.043632279907840923,0.0433949056731674,63.03026228853154,0.0015690752287748425,66985076.1,0,0.038734297497347164,1,False,False,52958343.5,1.236378796478028,False
2025-11-23 04:35:00,0.04383,0.04391,0.03753,0.03836,261389822.0,0.04099613995392046,0.0417166037821116,0.0,0.0011167675586993067,67840636.25,1,0.038825662290163585,0,False,False,59705449.5,4.3779893491966755,False
2025-11-23 04:40:00,0.03837,0.0412,0.03614,0.03721,243714823.0,0.039103069976960225,0.04021440252140773,0.0,0.0006579308649512366,79112135.05,1,0.03878305446806114,0,False,False,59705449.5,4.0819527369943005,False
2025-11-23 04:45:00,0.03721,0.03875,0.0355,0.03798,216998306.0,0.03854153498848011,0.03946960168093849,1.4313320540661545,0.000352370140619257,87585918.6,1,0.03870648198661949,0,False,False,70079609.0,3.096454291004963,False
2025-11-23 04:50:00,0.03797,0.03958,0.03789,0.03877,103334109.0,0.03865576749424006,0.039236401120625666,7.388936236170748,0.00017197504160566812,95739117.6,0,0.038707521547505404,1,False,False,76410017.0,1.3523633818848646,False
2025-11-23 04:55:00,0.03876,0.04036,0.0383,0.04,83435131.0,0.03932788374712003,0.03949093408041711,15.087847358346703,0.00012679967865649594,98569028.85,0,0.03872482729437915,1,False,False,79704884.5,1.0468007264975085,False
2025-11-23 05:00:00,0.04,0.04438,0.0399,0.04404,192416251.0,0.04168394187356002,0.04100728938694474,46.6903801717867,0.0004122400674723137,99006653.15,1,0.038907250693721314,1,False,False,82353755.5,2.3364599444405423,False
2025-11-23 05:05:00,0.04404,0.04448,0.04244,0.04293,123375226.0,0.042306970936780014,0.04164819292462983,38.34920546996716,0.0005426307986816023,106409332.8,0,0.039030132574003076,1,False,False,85437817.5,1.4440353184349541,False
2025-11-23 05:10:00,0.04296,0.0441,0.04224,0.04346,104450807.0,0.042883485468390006,0.04225212861641989,37.8549358907537,0.0006808841544873739,110461940.85,0,0.039128509478977024,1,False,False,87552320.0,1.193010156669749,False
2025-11-23 05:15:00,0.04346,0.04988,0.04341,0.04975,274047492.0,0.046316742734195004,0.044751419077613264,73.20613259553575,0.0012832093289279478,113128475.3,1,0.03961959096652825,1,False,False,95387306.5,2.8729974884027154,False
2025-11-23 05:20:00,0.04977,0.05424,0.04776,0.05215,281420136.0,0.0492333713670975,0.047217612718408845,87.18062980737619,0.0019319460401970232,122447643.1,1,0.040274683084614266,1,False,False,103892458.0,2.7087638642643337,False
2025-11-23 05:25:00,0.05213,0.0558,0.04914,0.05367,249228975.0,0.051451685683548756,0.04936840847893924,92.5866582158291,0.0025394526254910593,134612189.25,1,0.040866656841806494,1,False,False,113913016.5,2.1878884666354175,False
2025-11-23 05:30:00,0.05366,0.0637,0.05319,0.06287,305997623.0,0.057160842841774376,0.05386893898595949,100.0,0.0037203828262144037,145238944.55,1,0.04190614498398103,1,False,False,127375130.5,2.4023341275399126,False
2025-11-23 05:35:00,0.06284,0.06346,0.06,0.06115,149073397.0,0.059155421420887186,0.056295959323972994,91.67330962158105,0.0044660075381633,158305259.1,0,0.042414386482292704,1,False,False,140224216.0,1.0631073665621351,False
2025-11-23 05:40:00,0.06114,0.07244,0.05962,0.06977,333442776.0,0.0644627107104436,0.060787306215981995,100.0,0.005686927098372117,163220051.15,1,0.04377536527669711,1,False,False,164454040.0,2.027574245059592,False
2025-11-23 05:45:00,0.06969,0.07499,0.06209,0.06361,299897917.0,0.0640363553552218,0.061728204143988,96.99735686817397,0.006087283709950285,173323438.2,0,0.044860297427351405,1,False,False,186125467.0,1.6112675059130945,False
2025-11-23 05:50:00,0.06362,0.06995,0.06202,0.06707,235007093.0,0.0655531776776109,0.06350880276265868,100.0,0.006607594061358246,184411464.6,0,0.04562233834161453,1,False,False,204707278.5,1.1480153256983483,False
2025-11-23 05:55:00,0.06707,0.07354,0.06673,0.06703,154387355.0,0.06629158883880545,0.06468253517510579,99.0709181354831,0.006936753521163824,191789794.05,0,0.04615690036513093,1,False,False,204707278.5,0.7541859582682108,False
2025-11-23 06:00:00,0.067,0.06937,0.05938,0.06223,289661186.0,0.06426079441940273,0.06386502345007053,78.01988633662337,0.0067326846817389735,190517427.65,0,0.046873983464531116,1,False,False,226002699.5,1.281671354549462,False
2025-11-23 06:05:00,0.06224,0.06755,0.06191,0.06444,164313321.0,0.06435039720970137,0.06405668230004702,73.84425477980426,0.00667237223282504,200936867.95,0,0.04727733761048311,1,False,False,226002699.5,0.7270414086359176,False
2025-11-23 06:10:00,0.06443,0.078,0.064,0.07572,238592259.0,0.07003519860485069,0.067944454866698,84.77012446278106,0.007448909519484209,206553415.95,0,0.048084950323951395,1,False,False,236799676.0,1.0075700399184668,False
2025-11-23 06:15:00,0.07572,0.08243,0.07134,0.0783,254398155.0,0.07416759930242534,0.07139630324446533,92.82859569530709,0.00817823178658772,215209200.25,0,0.04904860001291913,1,False,False,236799676.0,1.0743180028675376,False
2025-11-23 06:20:00,0.07832,0.08067,0.07566,0.07672,152582171.0,0.07544379965121267,0.07317086882964355,74.4547048426592,0.008530399012533926,214859616.9,0,0.04960304992247424,1,False,False,226002699.5,0.6751342852875968,False
2025-11-23 06:25:00,0.07674,0.08413,0.075,0.0798,191450507.0,0.07762189982560633,0.07538057921976238,60.713693308740325,0.008954798987135262,210302984.3,0,0.050315575992922766,1,False,False,213711672.0,0.8958355208600867,False
2025-11-23 06:30:00,0.07963,0.082,0.07557,0.07918,187703251.0,0.07840094991280316,0.07664705281317492,47.68872424537465,0.009135798408978074,209025594.35,0,0.050965572204463794,1,False,False,213711672.0,0.8783013545465126,False
2025-11-23 06:35:00,0.07923,0.08099,0.07686,0.07982,106056756.0,0.07911047495640158,0.07770470187544995,4.918492926878116,0.009224549541088783,213244051.45,0,0.051323826414598005,1,False,False,213711672.0,0.4962609435763527,False
2025-11-23 06:40:00,0.07982,0.0808,0.07852,0.08038,91743491.0,0.07974523747820078,0.07859646791696663,0.0,0.009233633196832639,214375132.7,0,0.05163382345186677,1,False,False,213228800.0,0.4302584406984422,False
2025-11-23 06:45:00,0.08036,0.08568,0.07434,0.08185,226954724.0,0.0807976187391004,0.0796809786113111,27.39811405639088,0.009252788389260636,209341494.7,0,0.052391453566301587,1,False,False,230980908.5,0.9825691892626701,False
2025-11-23 06:50:00,0.08185,0.0852,0.0796,0.08432,135734721.0,0.0825588093695502,0.08122731907420741,0.0,0.009359388173763944,214520469.6,0,0.052863127965347013,1,False,False,230980908.5,0.5876447619912275,False
2025-11-23 06:55:00,0.08433,0.08456,0.08028,0.0816,91075240.0,0.0820794046847751,0.08135154604947162,46.23132461480583,0.009119266772178045,216084665.3,0,0.053162425900803965,1,False,False,209202615.5,0.4353446527536363,False
2025-11-23 07:00:00,0.08153,0.08368,0.07805,0.0802,161385133.0,0.08113970234238754,0.08096769736631441,5.7664375394034035,0.0087155332892013,206936052.7,0,0.053651280029287055,1,False,False,189576879.0,0.8512912220693326,False
2025-11-23 07:05:00,0.08019,0.08234,0.077,0.07833,122224713.0,0.07973485117119378,0.08008846491087628,0.0,0.008150721776450848,200934302.55,0,0.053991216226168925,1,False,False,176008286.0,0.6944259033350282,False
2025-11-23 07:10:00,0.07834,0.0816,0.07747,0.08097,91151732.0,0.08035242558559688,0.08038230994058419,82.7495772174407,0.00782591820633069,194584089.45,0,0.05424666043054087,1,False,False,162849227.0,0.5597308238988448,False
2025-11-23 07:15:00,0.08093,0.08237,0.06278,0.06378,365449708.0,0.07206621279279844,0.07484820662705613,0.0,0.006110976170409413,183841794.9,1,0.05482967375559553,1,False,False,176008286.0,2.0763210432036137,False
2025-11-23 07:20:00,0.06377,0.06689,0.06111,0.06354,302085925.0,0.06780310639639922,0.07107880441803742,0.0,0.004678574561976401,194660610.45,0,0.05510334607445285,1,False,False,176008286.0,1.716316497735794,False
2025-11-23 07:25:00,0.06359,0.06652,0.062,0.06418,172098190.0,0.0659915531981996,0.06877920294535828,0.0,0.003554059631586129,193092767.9,0,0.0552585275984168,1,False,False,168205755.5,1.023140911489203,False
2025-11-23 07:30:00,0.06417,0.066,0.0619,0.06478,170160046.0,0.0653857765990998,0.06744613529690552,5.471202717297347,0.002680390559267984,186702781.55,0,0.05540675059368789,1,False,False,167236683.5,1.0174803902996559,False
2025-11-23 07:35:00,0.06478,0.074,0.06372,0.07225,207622621.0,0.0688178882995499,0.06904742353127036,21.237299898291703,0.00256124367287322,183460429.2,0,0.0556950299708276,1,False,False,171129118.0,1.2132512773191526,False
2025-11-23 07:40:00,0.07226,0.07887,0.07128,0.07614,194820640.0,0.07247894414977496,0.07141161568751359,34.02472153091568,0.002749020400935734,186122192.5,0,0.0560544267077642,1,False,False,171129118.0,1.1384423777606334,False
2025-11-23 07:45:00,0.07614,0.07846,0.07085,0.073,160614885.0,0.07273947207488748,0.07194107712500905,25.502300359168405,0.0026143267217717814,181380165.2,0,0.05632139978469074,1,False,False,171129118.0,0.938559649445514,False
2025-11-23 07:50:00,0.073,0.07496,0.07219,0.0736,84347810.0,0.07316973603744374,0.0724940514166727,25.610653376354044,0.002526867836708621,181195243.4,0,0.05645445548981889,1,False,False,165772589.5,0.5088163866801393,False
2025-11-23 07:55:00,0.0736,0.07875,0.07346,0.07579,106726283.0,0.07447986801872186,0.07359270094444847,27.529510251035177,0.002604250558249338,173483020.95,0,0.056643243418846696,1,False,False,161000009.0,0.662896130645558,False
2025-11-23 08:00:00,0.07582,0.07742,0.06758,0.06912,191794072.0,0.07179993400936094,0.07210180062963231,9.175231418299788,0.0021031202055162845,166099427.35,0,0.05689456049501165,1,False,False,165772589.5,1.1569709599064928,False
2025-11-23 08:05:00,0.06912,0.07885,0.06903,0.07563,162355628.0,0.07371496700468047,0.07327786708642155,29.753274240954724,0.0022058457672722576,168060022.4,0,0.057145258185394884,1,False,False,161870380.5,1.002997753501914,False
2025-11-23 08:10:00,0.07561,0.0777,0.0728,0.07361,109194021.0,0.07366248350234023,0.07338857805761437,28.66690447419607,0.0021000513126107345,166605278.45,0,0.05731178759270587,1,False,False,161000009.0,0.6782236950061289,False
2025-11-23 08:15:00,0.07359,0.07709,0.07209,0.07668,117702656.0,0.07517124175117011,0.07448571870507625,38.444133641150025,0.0022381319955669526,162679816.95,0,0.05749369480935922,1,False,False,161000009.0,0.7310723566481291,False
2025-11-23 08:20:00,0.0767,0.07679,0.07417,0.07481,55436045.0,0.07499062087558506,0.07459381247005084,73.68559051928223,0.002171635299927907,163262111.95,0,0.057577958495578,1,False,False,161000009.0,0.34432324162168215,False
2025-11-23 08:25:00,0.07481,0.07641,0.07269,0.0757,75059622.0,0.07534531043779252,0.07496254164670056,100.0,0.002165785919584745,161446739.65,0,0.05768872090607089,1,False,False,148174803.0,0.506561307862849,False
2025-11-23 08:30:00,0.07575,0.08292,0.07532,0.07977,169330383.0,0.07755765521889627,0.07656502776446704,100.0,0.00246119411538899,153851984.55,0,0.057995973417707396,1,False,False,161000009.0,1.0517414505237699,False
2025-11-23 08:35:00,0.0798,0.08151,0.07842,0.08013,90461973.0,0.07884382760944814,0.07775335184297803,99.42248123289711,0.0026933094355730824,155531767.65,0,0.058161712924055725,1,False,False,161000009.0,0.5618755772864584,False
2025-11-23 08:40:00,0.08013,0.0846,0.07995,0.08261,128791279.0,0.08072691380472408,0.07937223456198536,100.0,0.0030423079407250198,155501104.3,0,0.058418506653320705,1,False,False,144703082.0,0.8900382577891465,False
2025-11-23 08:45:00,0.08259,0.08399,0.08034,0.08202,141405108.0,0.08137345690236203,0.08025482304132359,79.81156219082848,0.0032340041149526016,153871411.6,0,0.05869114650868479,1,False,False,151009996.5,0.936395677619925,False
2025-11-23 08:50:00,0.082,0.08284,0.0804,0.08102,68164679.0,0.081196728451181,0.08050988202754907,62.85296510245425,0.0032675665977240365,154830431.35,0,0.0588165023735346,1,False,False,151009996.5,0.45139183219569173,False
2025-11-23 08:55:00,0.08103,0.08277,0.07795,0.07986,94820779.0,0.08052836422559051,0.0802932546850327,72.59311205676659,0.003164089151488303,153681078.7,0,0.05897925775789742,1,False,False,135098193.5,0.7018656322743502,False
2025-11-23 09:00:00,0.07983,0.08133,0.07555,0.07796,128569322.0,0.07924418211279526,0.07951550312335515,61.07797855478713,0.0028953921306313635,140149632.25,0,0.059176472530871355,1,False,False,128680300.5,0.9991375641837268,False
2025-11-23 09:05:00,0.07796,0.082,0.0759,0.07714,142560536.0,0.07819209105639763,0.07872366874890344,48.779144476635814,0.0025864654945681603,131473802.1,0,0.059391236315098045,1,False,False,128680300.5,1.1078660482301252,False
2025-11-23 09:10:00,0.07716,0.07983,0.07589,0.07942,80582400.0,0.07880604552819881,0.07895577916593563,92.33690782156107,0.002496833907970855,129996919.4,0,0.05951072605200028,1,False,False,123135989.0,0.6544179378784215,False
2025-11-23 09:15:00,0.07942,0.082,0.07885,0.0808,85759458.0,0.0798030227640994,0.0795705194439571,65.3131957881467,0.002508241252853635,125518037.1,0,0.05965068728160935,1,False,False,113448338.5,0.7559340148467666,False
2025-11-23 09:20:00,0.08077,0.08225,0.07204,0.07231,172057901.0,0.07605651138204969,0.0771503462959714,13.290261830161345,0.0018113297281566326,119424878.95,0,0.05985987416541878,1,False,False,113448338.5,1.516618958681356,False
2025-11-23 09:25:00,0.07231,0.076,0.06812,0.07499,258295221.0,0.07552325569102485,0.07643023086398093,10.597817523394124,0.00145846366489652,118286742.0,1,0.06011535593390129,1,False,False,113448338.5,2.276765128649284,False
2025-11-23 09:30:00,0.07496,0.07599,0.07212,0.07289,94395700.0,0.07420662784551242,0.07525015390932062,0.0,0.0009978596134545825,123170758.8,0,0.06021070158714308,1,False,False,113448338.5,0.8320589022993933,False
2025-11-23 09:35:00,0.07292,0.074,0.07135,0.07208,63355638.0,0.07314331392275622,0.07419343593954708,0.0,0.0005610004892370457,123673153.3,0,0.06026835278545094,1,False,False,113448338.5,0.5584536436379807,False
2025-11-23 09:40:00,0.07207,0.07343,0.06856,0.06987,128002553.0,0.07150665696137812,0.07275229062636472,0.0,3.6042480357365014e-05,121504621.05,0,0.06036572719673569,1,False,False,113448338.5,1.1282893578913014,False
2025-11-23 09:45:00,0.06989,0.06994,0.0652,0.06944,233786206.0,0.07047332848068906,0.07164819375090982,0.0,-0.0004099621417604088,118315045.1,1,0.06049793788787782,1,False,False,113448338.5,2.060728337594825,False
2025-11-23 09:50:00,0.06945,0.0695,0.06515,0.06642,138574669.0,0.06844666424034454,0.06990546250060656,0.0,-0.000995635710180201,121886574.0,0,0.060562619831302296,1,False,False,122852604.5,1.1279750198539746,False
2025-11-23 09:55:00,0.06647,0.06898,0.06551,0.06673,96871470.0,0.06758833212017226,0.06884697500040438,2.8379245784295835,-0.0014184211474301267,123355606.4,0,0.060607423943816664,1,False,False,112437011.5,0.8615621200497667,False
2025-11-23 10:00:00,0.06668,0.07307,0.065,0.07053,181201467.0,0.06905916606008614,0.06940798333360292,24.74637814050032,-0.0014303650524273015,122314047.1,0,0.06072086046681351,1,False,False,128285937.5,1.4124811380826523,False
2025-11-23 10:05:00,0.07058,0.07081,0.061,0.06225,204213456.0,0.06565458303004307,0.06702198888906861,11.3032608806224,-0.002083935176827617,128602318.2,0,0.06077685923145285,1,False,False,128680300.5,1.5869830518463857,False
2025-11-23 10:10:00,0.06228,0.0636,0.06011,0.0624,163298102.0,0.06402729151502154,0.06548132592604575,15.015939308961674,-0.002560277181109044,135060009.9,0,0.060790925264687254,1,False,False,128680300.5,1.2690217645240889,False
2025-11-23 10:15:00,0.06241,0.0649,0.06174,0.06292,96235989.0,0.06347364575751077,0.06462755061736383,18.64912623419856,-0.002862821176701516,134758395.85,0,0.060806586120943765,1,False,False,128680300.5,0.7478688550311553,False
2025-11-23 10:20:00,0.06292,0.0636,0.06231,0.06312,53281763.0,0.06329682287875538,0.06412503374490922,11.152480951214615,-0.0030512779119753614,135047096.65,0,0.06081453203279318,1,False,False,128285937.5,0.4153359599527423,False
2025-11-23 10:25:00,0.06311,0.06705,0.06136,0.06183,136326216.0,0.06256341143937769,0.06336002249660615,1.4609397590018023,-0.003267062785344055,131271620.85,0,0.06083829128572072,1,False,False,128285937.5,1.0626746676735321,False
2025-11-23 10:30:00,0.06181,0.06396,0.061,0.06308,75471557.0,0.06282170571968884,0.0632666816644041,43.530882955214494,-0.0032991784236204302,131017676.25,0,0.06084756581804824,1,False,False,128285937.5,0.5883073271378634,False
2025-11-23 10:35:00,0.0631,0.06477,0.06228,0.06342,75729377.0,0.06312085285984442,0.06331778777626941,18.615392682332104,-0.0032596202664452872,131383020.15,0,0.06086085099522539,1,False,False,128285937.5,0.5903170563804002,False
2025-11-23 10:40:00,0.06341,0.06413,0.06175,0.0628,64642999.0,0.06296042642992221,0.06314519185084627,28.69644096166702,-0.0032409394280152465,130428450.05,0,0.060869536343345985,1,False,False,112437011.5,0.5749263355332065,False
2025-11-23 10:45:00,0.0628,0.06693,0.06214,0.066,100089080.0,0.06448021321496111,0.06409679456723086,100.0,-0.0029340990055641836,127232133.9,0,0.06089683912466176,1,False,False,98480275.0,1.0163363170949715,False
2025-11-23 10:50:00,0.06599,0.06895,0.0643,0.06687,104779112.0,0.06567510660748055,0.0650211963781539,100.0,-0.002590858230076154,125108561.1,0,0.06093654316906664,1,False,False,102434096.0,1.0228929242466298,False
2025-11-23 10:55:00,0.06686,0.07154,0.06684,0.06977,103643877.0,0.06772255330374027,0.06660413091876927,100.0,-0.0020610729133253985,126318396.7,0,0.06099325925332569,1,False,False,104211494.5,0.9945532160082399,False
2025-11-23 11:00:00,0.06977,0.07208,0.06782,0.06883,112093734.0,0.06827627665187014,0.06734608727917951,100.0,-0.00169749669178762,127212617.65,0,0.06105514199199311,1,False,False,104211494.5,1.0756369490507596,False
2025-11-23 11:05:00,0.06879,0.06989,0.06707,0.06725,77596101.0,0.06776313832593507,0.06731405818611969,88.0716227392125,-0.0015193387211607234,124214409.3,0,0.061089977742329944,1,False,False,101866478.5,0.7617432362698197,False
2025-11-23 11:10:00,0.06726,0.06747,0.063,0.06382,117410025.0,0.06579156916296754,0.06614937212407979,44.67664019578699,-0.0016360600977788492,115179453.3,0,0.06111737350810403,1,False,False,104211494.5,1.1266513887294842,False
2025-11-23 11:15:00,0.06383,0.06481,0.06234,0.06351,78592660.0,0.06465078458148377,0.0652695814160532,95.99045773998414,-0.0017335932549836092,116330169.55,0,0.061129474046235505,1,False,False,104211494.5,0.754164983211137,False
2025-11-23 11:20:00,0.06347,0.0647,0.06235,0.06266,61344835.0,0.06365539229074188,0.06439972094403547,87.17463356230633,-0.0018580583410559015,117092020.65,0,0.06113761273004047,1,False,False,101866478.5,0.6022082622596991,False
2025-11-23 11:25:00,0.06267,0.06682,0.06206,0.06522,92944722.0,0.06443769614537094,0.06467314729602365,100.0,-0.0017301827436361078,113759134.75,0,0.06115833817008962,1,False,False,98480275.0,0.9437902361665826,False
2025-11-23 11:30:00,0.0652,0.06942,0.06508,0.06515,76869025.0,0.06479384807268547,0.0648320981973491,98.10410450434057,-0.0016158621730805872,106717060.55,0,0.06118415644828523,1,False,False,96553729.5,0.7961269377999531,False
2025-11-23 11:35:00,0.06516,0.06702,0.0635,0.0659,74397676.0,0.06534692403634274,0.0651880654648994,100.0,-0.0014480513309293452,103631778.35,0,0.061203943379851924,1,False,False,94590355.5,0.7865249644822405,False
2025-11-23 11:40:00,0.0659,0.06733,0.06549,0.0662,36934145.0,0.06577346201817136,0.0655253769765996,94.03870548449758,-0.0012761419664982648,102508088.65,0,0.06121567909324135,1,False,False,85768691.0,0.4306250284267484,False
2025-11-23 11:45:00,0.06618,0.06809,0.06595,0.06633,44300273.0,0.06605173100908568,0.06579358465106641,92.24943343843059,-0.0011165418437502767,95294722.55,0,0.06123091475695084,1,False,False,78094380.5,0.5672658226669716,False
2025-11-23 11:50:00,0.06635,0.06999,0.06521,0.06865,72997259.0,0.06735086550454283,0.06674572310071095,100.0,-0.0007937036638907408,87299063.4,0,0.0612610398343372,1,False,False,77232563.0,0.9451616800545646,False
2025-11-23 11:55:00,0.06861,0.07009,0.06722,0.06796,60438845.0,0.06765543275227143,0.06715048206714064,67.61488173901226,-0.0005867654470333716,82784021.25,0,0.061287529138384034,1,False,False,76299201.0,0.7921294614867592,False
2025-11-23 12:00:00,0.06794,0.06932,0.066,0.06902,64925409.0,0.06833771637613571,0.0677736547114271,69.32620474293542,-0.0003333891751703816,80994164.05,0,0.06131454064268677,1,False,False,76299201.0,0.8509317024171721,False
2025-11-23 12:05:00,0.06902,0.07058,0.0674,0.06875,66802648.0,0.06854385818806785,0.06809910314095141,35.438201201723295,-0.0001526141567572692,81576346.35,0,0.061345341531863246,1,False,False,75600467.0,0.8836274516664031,False
2025-11-23 12:10:00,0.06877,0.07017,0.068,0.06808,49035716.0,0.06831192909403393,0.06809273542730095,38.48381515290005,-6.268940835089942e-05,78100167.95,0,0.06136731720879315,1,False,False,75063526.5,0.6532562255784772,False
2025-11-23 12:15:00,0.06806,0.06977,0.06768,0.06845,36090611.0,0.06838096454701696,0.06821182361820063,63.32919656323032,3.799453308829526e-05,76778375.9,0,0.06138315401824036,1,False,False,73697467.5,0.4897130420390633,False
2025-11-23 12:20:00,0.06845,0.06999,0.06541,0.06634,90200115.0,0.06736048227350848,0.06758788241213376,75.52260363082884,-5.187411146036214e-05,74796437.6,0,0.061414921495594896,1,False,False,75633350.5,1.1925971070129968,False
2025-11-23 12:25:00,0.06634,0.06772,0.0653,0.06594,59702205.0,0.06665024113675425,0.06703858827475584,73.10283301386187,-0.00015360169210149044,76074293.4,0,0.06143244816999585,1,False,False,73697467.5,0.8100984609817156,False
2025-11-23 12:30:00,0.06594,0.07412,0.06565,0.07131,153862290.0,0.06898012056837713,0.06846239218317057,100.0,0.00019682372696430694,74054949.65,1,0.06151390861873212,1,False,False,73697467.5,2.0877554578113555,False
2025-11-23 12:35:00,0.07133,0.0719,0.06348,0.0669,142365917.0,0.06794006028418856,0.0679415947887804,27.13427609053623,0.00011733567948633838,76509108.55,1,0.061563411112685394,1,False,False,73697467.5,1.9317613186640368,False
2025-11-23 12:40:00,0.0669,0.06979,0.06666,0.06856,59923059.0,0.06825003014209427,0.06814772985918693,40.639916709975225,0.00018614321289264768,78445210.55,0,0.061587195647079825,1,False,False,69899953.5,0.8572689393849168,False
2025-11-23 12:45:00,0.06853,0.0696,0.06644,0.06781,61906524.0,0.06803001507104714,0.06803515323945795,27.889252022223882,0.00017810189903272322,75836676.8,0,0.06161019499571859,1,False,False,65864028.5,0.9399140230239637,False
2025-11-23 12:50:00,0.06781,0.06788,0.06305,0.06389,147881027.0,0.06596000753552357,0.06665343549297198,0.0,-0.00014293447962142325,75052197.95,1,0.06163870044816198,1,False,False,65864028.5,2.2452472217061548,False
2025-11-23 12:55:00,0.06385,0.06431,0.05809,0.06065,258692425.0,0.06330500376776178,0.064652290328648,0.0,-0.0006512913634146161,76575748.05,1,0.06162952264336007,0,False,False,65864028.5,3.927673889549589,False
2025-11-23 13:00:00,0.06067,0.06287,0.05651,0.05693,162214910.0,0.06011750188388089,0.06207819355243201,0.0,-0.0013389066841823227,85580736.3,1,0.06160330909220535,0,False,False,69899953.5,2.3206726453687843,False
2025-11-23 13:05:00,0.05691,0.05949,0.05601,0.05824,119021582.0,0.059178750941940444,0.06079879570162134,8.409121481829473,-0.0017578770160181917,90624240.05,0,0.06157865554438592,0,False,False,69899953.5,1.7027419338698129,False
2025-11-23 13:10:00,0.05823,0.05877,0.05615,0.05667,73775737.0,0.05792437547097022,0.059422530467747564,0.0,-0.0021913395037412436,91928083.05,0,0.06156058296408006,0,False,False,69899953.5,1.0554475833807242,False
2025-11-23 13:15:00,0.05665,0.0587,0.05522,0.05612,151000212.0,0.05702218773548511,0.05832168697849838,0.0,-0.002549848979834915,91773418.65,0,0.0615197290248126,0,False,False,69899953.5,2.1602333683955885,False
2025-11-23 13:20:00,0.0561,0.05794,0.05581,0.05713,58998014.0,0.05707609386774255,0.05792445798566559,6.470469029920387,-0.0027211045638987907,95603545.45,0,0.06150486477345421,0,False,False,69899953.5,0.8440350965326465,False
2025-11-23 13:25:00,0.0571,0.06054,0.05681,0.05854,99232455.0,0.057808046933871274,0.0581296386571104,11.325946155018002,-0.002711790795699276,96706738.9,0,0.061489187770959346,0,False,False,73386498.0,1.352189540370219,False
2025-11-23 13:30:00,0.05855,0.062,0.05855,0.06053,105447478.0,0.05916902346693564,0.05892975910474027,25.32109487717822,-0.002514843646304221,99453348.0,0,0.061482682207654335,0,False,False,81987926.0,1.286134229081487,False
2025-11-23 13:35:00,0.06052,0.06102,0.05211,0.05396,211819138.0,0.05656451173346782,0.057273172736493516,10.85851147034669,-0.0028559837013786976,101075858.95,1,0.061416486460758646,0,False,False,94716285.0,2.236353949059552,False
2025-11-23 13:40:00,0.05396,0.05589,0.05388,0.05478,80025663.0,0.05567225586673391,0.05644211515766235,0.0,-0.003025298745082311,108644873.6,0,0.06138822630675801,0,False,False,94716285.0,0.8448986676367216,False
2025-11-23 13:45:00,0.05477,0.05647,0.05386,0.05455,73303289.0,0.055111127933366956,0.05581141010510823,10.835820996746449,-0.003141824220974518,109399886.3,0,0.061362984635227165,0,False,False,94716285.0,0.7739248746928789,False
2025-11-23 13:50:00,0.05455,0.05567,0.05431,0.05564,55942275.0,0.05537556396668348,0.0557542734034055,7.308477726964243,-0.0031103632779160006,109724918.35,0,0.06134459110233198,0,False,False,94716285.0,0.5906299534446479,False
2025-11-23 13:55:00,0.05565,0.05645,0.05501,0.05608,50062758.0,0.05572778198334174,0.05586284893560367,19.96128631464393,-0.0030151689404437562,110070246.3,0,0.06132993029504224,0,False,False,94716285.0,0.5285549153453389,False
2025-11-23 14:00:00,0.05608,0.05932,0.05562,0.05771,91850687.0,0.056718890991670864,0.05647856595706912,82.29156822685216,-0.002776197092675542,110768853.65,0,0.06131152719605373,0,False,False,95541571.0,0.9613688160936772,False
2025-11-23 14:05:00,0.05771,0.05858,0.05057,0.05116,160754316.0,0.05393944549583543,0.05470571063804608,54.82962830673871,-0.0030798379858181027,110851382.25,0,0.061244992932278274,0,False,False,102339966.5,1.5707872642307343,False
2025-11-23 14:10:00,0.05119,0.05214,0.04291,0.0469,485023240.0,0.050419722747917714,0.052103807092030725,50.93552690062156,-0.003622464463513067,115903987.8,1,0.06089875943400104,0,False,False,102339966.5,4.739333581861198,False
2025-11-23 14:15:00,0.0469,0.04716,0.03957,0.04017,341699758.0,0.045294861373958856,0.04812587139468715,0.0,-0.004543183618818093,132462035.3,1,0.06057865150765273,0,False,False,102339966.5,3.3388691601731177,False
2025-11-23 14:20:00,0.04017,0.04074,0.0365,0.03908,417729716.0,0.04218743068697943,0.045110580929791436,2.0196655626976736,-0.005299722175039198,142428727.35,1,0.060129303869301313,0,False,False,112234530.0,3.721935807099651,False
2025-11-23 14:25:00,0.03906,0.03912,0.03555,0.0379,290876298.0,0.040043715343489716,0.042707053953194296,0.0,-0.005926187172932779,160319060.2,1,0.05980951113670116,0,False,False,133451304.5,2.1796437216542905,False
2025-11-23 14:30:00,0.0379,0.03988,0.03641,0.03932,185003272.0,0.039681857671744855,0.041578035968796195,5.25545053095493,-0.006236196078143616,171767548.9,0,0.05961981781984311,0,False,False,135010897.0,1.3702840001129686,False
2025-11-23 14:35:00,0.0393,0.03936,0.03479,0.03707,255704404.0,0.03837592883587243,0.0400753573125308,0.0,-0.006587499965951038,173623661.15,0,0.059345316676869694,0,False,False,135010897.0,1.893953819149872,False
2025-11-23 14:40:00,0.03708,0.03753,0.03548,0.03713,132711523.0,0.03775296441793621,0.0390935715416872,0.0,-0.006782880505219517,173474260.1,0,0.05920320728899962,0,False,False,125866552.5,1.054382759867837,False
2025-11-23 14:45:00,0.03712,0.03869,0.03662,0.03823,115558821.0,0.03799148220896811,0.0388057143611248,31.02612889148749,-0.0067709093550142666,171999090.75,0,0.059087073803655195,0,False,False,124135172.0,0.9309111925184266,False
2025-11-23 14:50:00,0.03824,0.03947,0.0378,0.03874,107792468.0,0.038365741104484055,0.0387838095740832,27.21346027655515,-0.006643685127873236,171825952.7,0,0.05898403328713568,0,False,False,124135172.0,0.8683475139503573,False
2025-11-23 14:55:00,0.03874,0.03908,0.03617,0.0381,126293843.0,0.03823287055224203,0.0385558730493888,25.80443617905164,-0.0065193506464621825,173526789.25,0,0.05885941032553847,0,False,False,120926332.0,1.0443866187887019,False
2025-11-23 15:00:00,0.03811,0.03853,0.03669,0.038,98981841.0,0.03811643527612102,0.03837058203292587,11.566154604144888,-0.006355620204941133,172291470.8,0,0.058762558727464824,0,False,False,120926332.0,0.8185300865654306,False
2025-11-23 15:05:00,0.03799,0.03819,0.03516,0.03572,190602570.0,0.03691821763806051,0.03748705468861725,0.0,-0.00633679299058771,174290662.15,0,0.05856642957553619,0,False,False,129502683.0,1.471804024322801,False
2025-11-23 15:10:00,0.0357,0.03627,0.03338,0.03521,275518753.0,0.03606410881903026,0.03672803645907817,0.0,-0.006290511919620365,178859167.9,0,0.05827138033819865,0,False,False,146732919.5,1.8776887554534074,False
2025-11-23 15:15:00,0.03521,0.03734,0.03462,0.03653,152269995.0,0.036297054409515125,0.036662024306052116,36.20341764409702,-0.0060772659304622265,187362731.65,0,0.058119756904049726,0,False,False,142490759.0,1.0686306681824889,False
2025-11-23 15:20:00,0.03654,0.03876,0.03646,0.03769,179365626.0,0.03699352720475756,0.03700468287070141,100.0,-0.005748400657697737,184385274.5,0,0.057955606529270356,0,False,False,156512155.5,1.1460172242021163,False
2025-11-23 15:25:00,0.03769,0.03811,0.03604,0.03669,118091761.0,0.036841763602378785,0.03689978858046761,100.0,-0.005505005920828719,189352272.65,0,0.05784533954683589,0,False,False,156512155.5,0.7545213381206036,False
2025-11-23 15:30:00,0.03672,0.03775,0.03637,0.03667,112043550.0,0.0367558818011894,0.036823192386978405,100.0,-0.005253172370052954,191591696.25,0,0.05774170221658919,0,False,False,156512155.5,0.7158776239587347,False
2025-11-23 15:35:00,0.03667,0.03689,0.03334,0.03392,208247465.0,0.035337940900594694,0.03585546159131894,85.92821871687913,-0.005215374888732305,194396760.0,0,0.057531584309848886,0,False,False,170059971.0,1.2245531019172053,False
2025-11-23 15:40:00,0.03392,0.03423,0.0293,0.02965,405464998.0,0.032493970450297345,0.03378697439421263,40.61585187648768,-0.00546695378640151,202305995.35,1,0.057069450671088144,0,False,False,182184449.0,2.2255741377794545,False
2025-11-23 15:45:00,0.02965,0.03019,0.02603,0.02744,491627968.0,0.029966985225148672,0.031671316262808426,40.785701675169555,-0.005778054589003864,217986710.9,1,0.05646452701388938,0,False,False,187802921.0,2.617786589165991,False
2025-11-23 15:50:00,0.02744,0.02838,0.02689,0.02766,172384176.0,0.028813492612574335,0.030334210841872284,43.0266696949517,-0.0059383979005697765,234530393.5,0,0.05625655665140727,0,False,False,182184449.0,0.9462068631335269,False
2025-11-23 15:55:00,0.02766,0.02785,0.02391,0.02429,433963929.0,0.026551746306287167,0.028319473894581525,16.457842919406726,-0.006265180860906938,218898440.3,1,0.05570514238961845,0,False,False,182184449.0,2.3820031368319476,False
2025-11-23 16:00:00,0.02429,0.02496,0.02201,0.02369,495420938.0,0.025120873153143583,0.026776315929721017,8.007382098753451,-0.006497672572157911,223511648.85,1,0.05506334686174974,0,False,False,182184449.0,2.7193371372767388,False
2025-11-23 16:05:00,0.02368,0.0284,0.02288,0.02741,448981217.0,0.026265436576571793,0.02698754395314735,54.43010969214947,-0.006309024510349898,227396209.95,1,0.05455101206056818,0,False,False,182184449.0,2.4644321700585983,False
2025-11-23 16:10:00,0.02738,0.03148,0.02678,0.028,524751086.0,0.027132718288285895,0.027325029302098233,60.69292051030396,-0.006042260080040489,235301455.9,1,0.054026158951068604,0,False,False,184984098.0,2.836736193399716,False
2025-11-23 16:15:00,0.02801,0.02888,0.02757,0.02843,169509944.0,0.027781359144142946,0.027693352868065492,75.11568403008799,-0.005730096949968552,252288846.6,0,0.053858146448317476,0,False,False,175874901.0,0.9638097479298652,False
2025-11-23 16:20:00,0.02843,0.02876,0.02606,0.02679,225628517.0,0.027285679572071474,0.027392235245376997,67.11706117307037,-0.005551050657747306,247979123.6,0,0.05362849426762192,0,False,False,184984098.0,1.2197184484473904,False
2025-11-23 16:25:00,0.02679,0.02709,0.02456,0.02536,197886161.0,0.026322839786035737,0.026714823496918002,46.37222025392608,-0.005461586461189372,252624973.3,0,0.05341881245234147,0,False,False,194244365.5,1.0187485258098774,False
2025-11-23 16:30:00,0.02535,0.03296,0.02472,0.03255,604058595.0,0.02943641989301787,0.02865988233127867,100.0,-0.004755691874584855,256741340.3,1,0.05289639096952373,0,False,False,203066813.0,2.9746790530464473,False
2025-11-23 16:35:00,0.03254,0.03769,0.03215,0.03415,518692169.0,0.03179320994650894,0.03048992155418578,100.0,-0.00402080931385955,281554646.65,1,0.052552593051246155,0,False,False,216937991.0,2.3909697264597605,False
2025-11-23 16:40:00,0.03418,0.03888,0.03352,0.03707,337278027.0,0.03443160497325447,0.032683281036123855,100.0,-0.0031662909621361923,301174562.95,0,0.05235803675366749,0,False,False,250573635.0,1.3460236030019679,False
2025-11-23 16:45:00,0.03708,0.0385,0.03523,0.03698,255501866.0,0.03570580248662723,0.03411552069074924,100.0,-0.002467892926317196,313089372.25,0,0.05221751952143347,0,False,False,265510309.5,0.9623048780333707,False
2025-11-23 16:50:00,0.037,0.0378,0.0342,0.03675,241330174.0,0.03622790124331361,0.03499368046049949,100.0,-0.0019109384204610905,316334337.05,0,0.05208155983071531,0,False,False,248416020.0,0.9714758895179143,False
2025-11-23 16:55:00,0.03674,0.04012,0.03611,0.03856,250706300.0,0.037393950621656805,0.036182453640333,100.0,-0.0013084135122209961,314624908.1,0,0.05196040131481527,0,False,False,253104083.0,0.9905264941933,False
2025-11-23 17:00:00,0.03861,0.041,0.03553,0.03633,317351530.0,0.0368619753108284,0.036231635760222,89.79406547377302,-0.0009993308802696832,319546723.35,0,0.05180298683210278,0,False,False,286426698.0,1.1079677006924822,False
2025-11-23 17:05:00,0.03633,0.03767,0.03512,0.03579,150697758.0,0.0363259876554142,0.036084423840148004,100.0,-0.0007888606600198605,326446018.55,0,0.05172204278027385,0,False,False,286426698.0,0.5261302771433688,False
2025-11-23 17:10:00,0.03579,0.03647,0.0331,0.03334,215693062.0,0.034832993827707104,0.035169615893432,89.27220500220274,-0.0008104140696814435,328076318.4,0,0.05159371354524801,0,False,False,286426698.0,0.7530480346493399,False
2025-11-23 17:15:00,0.03334,0.0368,0.03256,0.03574,231244571.0,0.03528649691385355,0.03535974392895467,85.73783959602072,-0.0006266121647760595,333258794.0,0,0.05146393631474162,0,False,False,286426698.0,0.8073429349103484,False
2025-11-23 17:20:00,0.03573,0.03636,0.03397,0.03459,111817893.0,0.03493824845692678,0.035103162619303116,77.87753389987262,-0.0005672048356931969,334408649.3,0,0.05140168308360932,0,False,False,253104083.0,0.4417862077712907,False
2025-11-23 17:25:00,0.03459,0.03462,0.03301,0.03413,107759105.0,0.034534124228463386,0.03477877507953542,74.21209012544054,-0.0005508919159195255,319726294.05,0,0.05133831447667268,0,False,False,246018237.0,0.4380126705810025,False
2025-11-23 17:30:00,0.03418,0.03489,0.03139,0.03187,163161266.0,0.0332020621142317,0.033809183386356946,71.19952810547964,-0.0007121180680521796,300532850.9,0,0.051236667373387314,0,False,False,246018237.0,0.663208012501935,False
2025-11-23 17:35:00,0.03186,0.03239,0.03014,0.03129,174523807.0,0.03224603105711585,0.03296945559090463,63.61492433734428,-0.0008765873545600808,300071705.4,0,0.051120784500940805,0,False,False,236287372.5,0.7386082682010441,False
2025-11-23 17:40:00,0.03129,0.03133,0.02902,0.02963,148487915.0,0.030938015528557926,0.03185630372726976,0.0,-0.001127877110604046,287099699.3,0,0.051016952769618255,0,False,False,228436544.0,0.6500182168751424,False
2025-11-23 17:45:00,0.02963,0.0309,0.02881,0.02966,144376499.0,0.030299007764278962,0.031124202484846507,0.0,-0.0013095100863011258,269753048.15,0,0.05091600290948847,0,False,False,220660789.5,0.6542915908492206,False
2025-11-23 17:50:00,0.02965,0.0307,0.02858,0.0294,115340265.0,0.02984950388213948,0.030549468323231008,0.0,-0.001457632673114495,254522812.25,0,0.0508351723484075,0,False,False,206789611.5,0.5577662444614632,False
2025-11-23 17:55:00,0.02943,0.03023,0.02916,0.02957,62058864.0,0.02970975194106974,0.030222978882154007,1.9646441697202508,-0.001543510680753292,234052271.2,0,0.05079212378803728,0,False,False,206789611.5,0.3001062942661411,False
2025-11-23 18:00:00,0.02958,0.03059,0.02917,0.02946,81697532.0,0.02958487597053487,0.029968652588102673,2.397786824917405,-0.0016019790835386377,228679717.2,0,0.050735949754425226,0,False,False,186204984.0,0.4387505116404403,False
2025-11-23 18:05:00,0.02945,0.02994,0.02826,0.02979,104911524.0,0.029687437985267434,0.02990910172540178,0.0,-0.0016032067030024993,221483167.95,0,0.050662852194862155,0,False,False,168842536.5,0.6213571898098084,False
2025-11-23 18:10:00,0.0298,0.0298,0.0288,0.02893,56940853.0,0.029308718992633716,0.02958273448360119,3.9075030178175902,-0.0016545023398701689,216834436.1,0,0.05062310336995597,0,False,False,156929512.0,0.36284349753155415,False
2025-11-23 18:15:00,0.02893,0.0294,0.0281,0.02903,73894970.0,0.029169359496316858,0.02939848965573413,7.526899328657223,-0.0016678592936568565,189478549.0,0,0.050570939744657185,0,False,False,149592836.5,0.49397398785201857,False
2025-11-23 18:20:00,0.02904,0.02906,0.02766,0.02796,57878016.0,0.028564679748158427,0.028918993103822753,13.95744670584713,-0.0017446733253284052,167238689.05,0,0.05052910226357281,0,False,False,146432207.0,0.3952546860131665,False
2025-11-23 18:25:00,0.02795,0.02847,0.02737,0.0276,77166548.0,0.028082339874079213,0.028479328735881836,0.0,-0.0018136908905943896,153268688.5,0,0.05047253575744791,0,False,False,129858382.0,0.5942361733723126,False
2025-11-23 18:30:00,0.0276,0.0278,0.02676,0.02736,93705672.0,0.027721169937039606,0.02810621915725456,1.3122937166011734,-0.0018662409387019963,144351922.6,0,0.05040269546779027,0,False,False,113579079.0,0.8250258130724938,False
2025-11-23 18:35:00,0.02737,0.02922,0.02716,0.0292,108098064.0,0.028460584968519803,0.02847081277150304,33.47233519084649,-0.0017393642990290135,136970697.5,0,0.05032687784363469,0,False,False,109957978.5,0.9830852246888114,False
2025-11-23 18:40:00,0.0292,0.0298,0.02867,0.02949,91137345.0,0.028975292484259903,0.028810541847668694,51.57817861111567,-0.0015970038058489913,129840285.7,0,0.050265674592380946,0,False,False,107928584.5,0.8444226839646914,False
2025-11-23 18:45:00,0.0295,0.02961,0.02781,0.02788,83981893.0,0.02842764624212995,0.028500361231779132,66.98659564635648,-0.0015957013817808965,118529576.45,0,0.050207217369961685,0,False,False,106335314.5,0.7897836517895473,False
2025-11-23 18:50:00,0.02789,0.02904,0.02773,0.02869,43449014.0,0.028558823121064975,0.028563574154519423,100.0,-0.001511880948316939,115193783.2,0,0.05017717032497544,0,False,False,99308598.0,0.43751512834769857,False
2025-11-23 18:55:00,0.0287,0.02903,0.02792,0.02813,41191570.0,0.02834441156053249,0.028419049436346284,91.81403268257334,-0.0014736526206934192,106581580.8,0,0.05014859517063722,0,False,False,92421508.5,0.4456924656234106,False
2025-11-23 19:00:00,0.02813,0.02815,0.02711,0.02792,60090490.0,0.028132205780266244,0.02825269962423086,92.45477692101322,-0.0014436600264505633,97078930.75,0,0.05010583577867499,0,False,False,87559619.0,0.6862808528209791,False
2025-11-23 19:05:00,0.02793,0.02841,0.02733,0.02824,35388334.0,0.028186102890133125,0.02824846641615391,95.14935899331422,-0.0013781825235372087,94492560.6,0,0.05008102940124022,0,False,False,82839712.5,0.4271904492667089,False
2025-11-23 19:10:00,0.02825,0.02922,0.02814,0.0288,41699084.0,0.028493051445066562,0.02843231094410261,100.0,-0.0012665043372257524,90874022.05,0,0.050052829971709366,0,False,False,79432040.0,0.524965542871617,False
2025-11-23 19:15:00,0.02882,0.02885,0.0277,0.0279,32732503.0,0.028196525722533283,0.028254873962735075,84.60871317925532,-0.0012363689566429817,84800912.95,0,0.050030156330659895,0,False,False,75530759.0,0.4333665308460623,False
2025-11-23 19:20:00,0.02789,0.0282,0.02746,0.02785,33819705.0,0.02802326286126664,0.02811991597515672,93.82497544988942,-0.001202657544999576,77711347.75,0,0.05000644406966929,0,False,False,67976917.0,0.49751748817911234,False
2025-11-23 19:25:00,0.02785,0.02871,0.0277,0.02802,26295224.0,0.02802163143063332,0.028086610650104482,94.92450000359293,-0.001148978717700616,71977937.25,0,0.049988297031270015,0,False,False,61074677.0,0.4305421705300218,False
2025-11-23 19:30:00,0.02802,0.02819,0.0276,0.02791,23848973.0,0.027965815715316658,0.02802774043340299,100.0,-0.0011026038106407392,66073873.5,0,0.04997168120183128,0,False,False,58984253.0,0.40432779575931904,False
2025-11-23 19:35:00,0.0279,0.02801,0.02722,0.02753,28310522.0,0.02774790785765833,0.027861826955601996,99.70793602511627,-0.0010840182987204294,61499308.9,0,0.049951709837808056,0,False,False,57409434.5,0.493133615520982,False
2025-11-23 19:40:00,0.02753,0.02864,0.02753,0.02829,28303546.0,0.028018953928829166,0.028004551303734665,100.0,-0.0009964767346948844,59811891.8,0,0.04993228397711657,0,False,False,50194933.5,0.5638725669394502,False
2025-11-23 19:45:00,0.02829,0.02892,0.0278,0.02822,34849587.0,0.02811947696441458,0.028076367535823113,48.48132373396155,-0.0009221182245928751,57142192.5,0,0.04990858818449423,0,False,False,42574049.0,0.8185640740912381,False
2025-11-23 19:50:00,0.02821,0.02858,0.02765,0.02775,25776165.0,0.02793473848220729,0.02796757835721541,27.035370327000447,-0.0008908445403295606,53639095.65,0,0.04989083599661227,0,False,False,41445327.0,0.6219317560216138,False
2025-11-23 19:55:00,0.02776,0.02816,0.02747,0.02752,19536755.0,0.027727369241103646,0.02781838557147694,51.704037580495346,-0.0008745378698630929,52080861.25,0,0.04987723031543856,0,False,False,38289952.0,0.510231901048087,False
2025-11-23 20:00:00,0.02753,0.02826,0.02737,0.02816,28155414.0,0.02794368462055182,0.027932257047651295,42.39156816674012,-0.0008007416138581663,49362950.5,0,0.04985784029454827,0,False,False,35118960.5,0.8017154721877374,False
2025-11-23 20:05:00,0.02816,0.02849,0.02797,0.02817,19628156.0,0.02805684231027591,0.0280115046984342,71.9617458765168,-0.0007330010530126156,47876820.4,0,0.04984451541440798,0,False,False,34334646.0,0.5716720073362632,False
2025-11-23 20:10:00,0.02816,0.02931,0.02774,0.02905,32173068.0,0.028553421155137954,0.028357669798956132,100.0,-0.0006013752454782084,44999900.8,0,0.049823203547479336,0,False,False,33276104.0,0.9668520088770007,False
2025-11-23 20:15:00,0.02906,0.02906,0.02823,0.02854,36341446.0,0.028546710577568975,0.028418446532637424,66.58356176985146,-0.0005320800943275639,41923270.6,0,0.04979907975512707,0,False,False,33276104.0,1.0921184162665196,False
2025-11-23 20:20:00,0.02854,0.0286,0.02795,0.02814,15327742.0,0.028343355288784487,0.028325631021758283,28.926425195136208,-0.0005036342625790273,38335439.7,0,0.049788739323631884,0,False,False,32452785.5,0.47230897945570804,False
2025-11-23 20:25:00,0.02813,0.02838,0.0276,0.0279,25070807.0,0.028121677644392246,0.028183754014505524,55.043204669296195,-0.0004947535196127492,34544959.55,0,0.0497716358069724,0,False,False,30241795.0,0.829011869169803,False
2025-11-23 20:30:00,0.02791,0.02849,0.02768,0.02836,17711275.0,0.02824083882219612,0.028242502676337017,76.17093536108209,-0.00044546229911651344,31599405.25,0,0.049759689036112734,0,False,False,28307034.0,0.6256845913280776,False
2025-11-23 20:35:00,0.02838,0.02841,0.02784,0.02802,14469975.0,0.028130419411098062,0.028168335117558015,55.043204669296195,-0.00042888983520503535,30312518.3,0,0.04974989926961597,0,False,False,28229480.0,0.5125838308038263,False
2025-11-23 20:40:00,0.02802,0.02855,0.0279,0.02844,15148790.0,0.02828520970554903,0.028258890078372012,75.18553075725336,-0.00037751380410395996,28976438.55,0,0.04973975741916771,0,False,False,27225319.0,0.5564228650544003,False
2025-11-23 20:45:00,0.02843,0.02854,0.02781,0.02806,17647582.0,0.028172604852774515,0.028192593385581347,75.18553075725352,-0.0003632731665848335,26729353.55,0,0.049727866689526945,0,False,False,26035694.5,0.6778225946690226,False
2025-11-23 20:50:00,0.02804,0.02814,0.02661,0.02708,65931711.0,0.027626302426387257,0.0278217289237209,10.735633521592,-0.0004261527449777175,25842315.95,1,0.049681793406753404,0,False,False,26035694.5,2.532358451202444,False
2025-11-23 20:55:00,0.02706,0.0286,0.02704,0.02828,47205486.0,0.02795315121319363,0.027974485949147268,56.893530081508146,-0.0003748344346590077,27053947.3,0,0.04964994416438672,0,False,False,26035694.5,1.8131064642811814,False
2025-11-23 21:00:00,0.02829,0.02946,0.02824,0.02929,53881713.0,0.028621575606596814,0.028412990632764847,99.1086079205287,-0.00024978636321660794,27777596.45,1,0.04961541537789347,0,False,False,26035694.5,2.0695323875458747,False
2025-11-23 21:05:00,0.02929,0.02937,0.02793,0.02828,41677696.0,0.028450787803298405,0.028368660421843234,71.80552080709768,-0.0002295374597991555,28780696.85,0,0.04958817932287509,0,False,False,26965789.5,1.5455767019170716,False
2025-11-23 21:10:00,0.02828,0.02872,0.02738,0.02786,42467295.0,0.0281553939016492,0.02819910694789549,40.652280849335654,-0.000244561396326233,29549820.45,0,0.04955978985118146,0,False,False,28229480.0,1.5043598040063082,False
2025-11-23 21:15:00,0.02786,0.02868,0.02727,0.02849,41665557.0,0.0283226969508246,0.028296071298596997,58.55026830458117,-0.00020328885205170288,30480736.55,0,0.04953221481276157,0,False,False,28229480.0,1.4759590683214852,False
2025-11-23 21:20:00,0.0285,0.02886,0.02848,0.02875,18890104.0,0.028536348475412303,0.02844738086573133,41.01791126148524,-0.00014789539027477636,31148488.3,0,0.049520057300561644,0,False,False,26965789.5,0.7005210806084502,False
2025-11-23 21:25:00,0.02874,0.02913,0.02848,0.02865,18251082.0,0.028593174237706152,0.028514920577154223,53.58016619563838,-0.00011078774483388662,30677816.2,0,0.049508356454317635,0,False,False,25423486.0,0.7178827482588344,False
2025-11-23 21:30:00,0.02865,0.02908,0.02806,0.02903,27047759.0,0.028811587118853076,0.028686613718102816,78.45208190606685,-5.013887453308649e-05,29847890.95,0,0.04949101522118602,0,False,False,26059283.0,1.0379318187687665,False
2025-11-23 21:35:00,0.02901,0.02907,0.02818,0.02834,13950152.0,0.02857579355942654,0.028571075812068546,63.34581053843933,-5.7093305214417356e-05,29911470.65,0,0.04948199945603101,0,False,False,26059283.0,0.5353237078702434,False
2025-11-23 21:40:00,0.02833,0.02837,0.02768,0.02798,19639535.0,0.02827789677971327,0.028374050541379033,38.488317492187434,-9.060924600218581e-05,29632140.5,0,0.04946900517895311,0,False,False,22355171.0,0.8785231390088674,False
2025-11-23 21:45:00,0.02797,0.02812,0.02758,0.02763,17303471.0,0.027953948389856632,0.02812603369425269,38.197729422894945,-0.00014375581789001501,29206346.55,0,0.04945744521346478,0,False,False,22355171.0,0.7740254368888523,False
2025-11-23 21:50:00,0.02762,0.02813,0.02754,0.02805,14841132.0,0.028001974194928315,0.028100689129501796,38.197729422894945,-0.00015025235349569455,29090112.3,0,0.04944759947106606,0,False,False,19264819.5,0.770374827545101,False
2025-11-23 21:55:00,0.02805,0.02832,0.02765,0.02815,18572264.0,0.02807598709746416,0.028117126086334533,52.922572650932246,-0.00014565274630930908,28223515.5,0,0.04943536731334896,0,False,False,18731184.0,0.9915157525546703,False
2025-11-23 22:00:00,0.02815,0.02841,0.0275,0.0278,22031049.0,0.02793799354873208,0.02801141739088969,59.171597633135974,-0.0001683094330287016,27335056.4,0,0.04942078265640559,0,False,False,19264819.5,1.1435896920809459,False
2025-11-23 22:05:00,0.0278,0.02809,0.02758,0.0277,12402183.0,0.02781899677436604,0.027907611593926462,0.0,-0.00019211955016749938,27670221.75,0,0.04941253784385055,0,False,False,18731184.0,0.6621142048468479,False
2025-11-23 22:10:00,0.02771,0.02778,0.02746,0.02755,12279684.0,0.02768449838718302,0.027788407729284308,0.0,-0.00022055061573017856,27036790.55,0,0.04940430772136255,0,False,False,18731184.0,0.655574361983738,False
2025-11-23 22:15:00,0.02755,0.02794,0.02755,0.02776,11929834.0,0.02772224919359151,0.02777893848618954,48.106992929126825,-0.00022356013301455535,26765211.0,0,0.049396374197912284,0,False,False,18731184.0,0.6368969521627678,False
2025-11-23 22:20:00,0.02775,0.02778,0.02738,0.0276,12353955.0,0.027661124596795754,0.02771929232412636,60.36189028062372,-0.00023613385586682134,26638203.95,0,0.04938810280744103,0,False,False,18731184.0,0.6595394610399428,False
2025-11-23 22:25:00,0.02759,0.0277,0.02709,0.02725,15627086.0,0.02745556229839788,0.027562861549417575,3.519109792658337,-0.00027121430703749144,26498462.2,0,0.04937753384727951,0,False,False,18731184.0,0.8342818051437645,False
2025-11-23 22:30:00,0.02725,0.0277,0.02653,0.02749,42516217.0,0.02747278114919894,0.027538574366278386,2.0161525929812925,-0.00027646293052405527,26397437.4,0,0.04934869140558731,0,False,False,18731184.0,2.269809372434759,False
2025-11-23 22:35:00,0.02749,0.02782,0.02729,0.02766,17584693.0,0.02756639057459947,0.027579049577518926,18.47152132739408,-0.000263863271654282,25226662.7,0,0.04933697264264879,0,False,False,18411673.0,0.9550839296352917,False
2025-11-23 22:40:00,0.02766,0.02776,0.02727,0.0273,7936107.0,0.027433195287299733,0.027486033051679286,0.0,-0.0002797027039169453,23745623.05,0,0.049331652367047306,0,False,False,17917887.5,0.4429153269323741,False
2025-11-23 22:45:00,0.02731,0.02808,0.02706,0.02764,16134430.0,0.027536597643649866,0.027537355367786193,45.28651816109717,-0.00026180251319490866,21448342.75,0,0.04932091806686408,0,False,False,17444082.0,0.9249228477600598,False
2025-11-23 22:50:00,0.02764,0.02794,0.02743,0.02792,7211587.0,0.027728298821824933,0.02766490357852413,78.19046607282661,-0.00022245846048453768,20171179.45,0,0.049316161109526815,0,False,False,16718950.5,0.4313420869330285,False
2025-11-23 22:55:00,0.02791,0.02826,0.02767,0.02777,13594148.0,0.027749149410912465,0.027699935719016088,89.1611282475277,-0.00020106402077715857,18408394.05,0,0.04930725657308613,0,False,False,15880758.0,0.8560137998450704,False
2025-11-23 23:00:00,0.02776,0.02799,0.02751,0.02785,14317681.0,0.027799574705456232,0.02774995714601073,68.94520626183076,-0.0001756289011115228,17004823.6,0,0.04929783503798723,0,False,False,15234109.0,0.9398436757935761,False
2025-11-23 23:05:00,0.02785,0.02824,0.02785,0.02795,11189842.0,0.027874787352728116,0.027816638097340488,68.94520626183052,-0.00014572242386794165,16776202.45,0,0.04929055612631745,0,False,False,14579406.5,0.7675101177815434,False
2025-11-23 23:10:00,0.02796,0.02813,0.02731,0.02742,12433752.0,0.027647393676364058,0.02768442539822699,66.28203766405039,-0.00016290997105468039,16423140.45,0,0.04928232448827881,0,False,False,14133916.5,0.879710305349547,False
2025-11-23 23:15:00,0.02741,0.02789,0.0273,0.02786,9008905.0,0.02775369683818203,0.02774295026548466,100.0,-0.00013941975906645726,15692440.1,0,0.04927638156710252,0,False,False,13955914.5,0.6455259524554984,False
2025-11-23 23:20:00,0.02786,0.02816,0.02763,0.0279,12699156.0,0.027826848419091013,0.027795300176989775,100.0,-0.00011623603447093872,15445377.75,0,0.049268092553480206,0,False,False,13146652.0,0.9659612196321923,False
2025-11-23 23:25:00,0.02789,0.02804,0.02756,0.02798,10542359.0,0.02790342420954551,0.027856866784659852,93.39723244578974,-9.036575412435174e-05,15098358.8,0,0.04926120441131617,0,False,False,12566454.0,0.8389287065388533,False
2025-11-23 23:30:00,0.02798,0.02812,0.02776,0.02808,11006396.0,0.027991712104772755,0.02793124452310657,100.0,-6.108999882005126e-05,14760303.2,0,0.049254060340817966,0,False,False,12417967.5,0.8863282980890391,False
2025-11-23 23:35:00,0.02809,0.02853,0.02791,0.02833,19077432.0,0.028160856052386378,0.028064163015404382,100.0,-1.75139512304176e-05,14568566.4,0,0.049241845914832855,0,False,False,12417967.5,1.5362765283449165,False
2025-11-23 23:40:00,0.02831,0.02834,0.02779,0.02794,14313021.0,0.02805042802619319,0.028022775343602924,73.38047149841483,-1.428469512764971e-05,14593824.8,0,0.049232589463917856,0,False,False,12417967.5,1.1526057706303388,False
2025-11-23 23:45:00,0.02795,0.0281,0.02772,0.02799,9707549.0,0.028020214013096595,0.028011850229068616,69.17668788697017,-7.603258635423965e-06,14207923.4,0,0.04922629040261722,0,False,False,12393853.5,0.7832551030234463,False
2025-11-23 23:50:00,0.02799,0.02801,0.02744,0.02775,10733434.0,0.027885107006548296,0.027924566819379076,63.380537691768446,-2.142716726817595e-05,14073191.7,0,0.049219263521110626,0,False,False,12393853.5,0.8660287940308476,False
2025-11-23 23:55:00,0.02774,0.02788,0.0275,0.02771,9605991.0,0.027797553503274147,0.027853044546252717,31.163111705936398,-3.5204563863428656e-05,13995879.2,0,0.049212967914824254,0,False,False,12393853.5,0.7750608799757073,False
